internal_image_id,public_pdidb_id,disease
pdidb_000072,22q_v2_3,22q11.2 deletion syndrome
pdidb_000038,22q_v1_70,22q11.2 deletion syndrome
pdidb_000052,22q_v1_97,22q11.2 deletion syndrome
pdidb_000069,22q_v2_26,22q11.2 deletion syndrome
pdidb_000128,22q_v2_85,22q11.2 deletion syndrome
pdidb_000060,22q_v2_16,22q11.2 deletion syndrome
pdidb_000043,22q_v1_77,22q11.2 deletion syndrome
pdidb_000140,22q_v2_99,22q11.2 deletion syndrome
pdidb_000105,22q_v2_61,22q11.2 deletion syndrome
pdidb_000107,22q_v2_65,22q11.2 deletion syndrome
pdidb_000074,22q_v2_33,22q11.2 deletion syndrome
pdidb_000117,22q_v2_75,22q11.2 deletion syndrome
pdidb_000102,22q_v2_59,22q11.2 deletion syndrome
pdidb_000023,22q_v1_48,22q11.2 deletion syndrome
pdidb_000125,22q_v2_82,22q11.2 deletion syndrome
pdidb_000062,22q_v2_2,22q11.2 deletion syndrome
pdidb_000032,22q_v1_61,22q11.2 deletion syndrome
pdidb_000036,22q_v1_66,22q11.2 deletion syndrome
pdidb_000130,22q_v2_89,22q11.2 deletion syndrome
pdidb_000015,22q_v1_38,22q11.2 deletion syndrome
pdidb_000132,22q_v2_91,22q11.2 deletion syndrome
pdidb_000111,22q_v2_7,22q11.2 deletion syndrome
pdidb_000077,22q_v2_36,22q11.2 deletion syndrome
pdidb_000018,22q_v1_42,22q11.2 deletion syndrome
pdidb_000135,22q_v2_94,22q11.2 deletion syndrome
pdidb_000064,22q_v2_21,22q11.2 deletion syndrome
pdidb_000034,22q_v1_63,22q11.2 deletion syndrome
pdidb_000136,22q_v2_95,22q11.2 deletion syndrome
pdidb_000109,22q_v2_68,22q11.2 deletion syndrome
pdidb_000129,22q_v2_88,22q11.2 deletion syndrome
pdidb_000045,22q_v1_80,22q11.2 deletion syndrome
pdidb_000126,22q_v2_83,22q11.2 deletion syndrome
pdidb_000039,22q_v1_71,22q11.2 deletion syndrome
pdidb_000001,22q_v1_11,22q11.2 deletion syndrome
pdidb_000020,22q_v1_45,22q11.2 deletion syndrome
pdidb_000031,22q_v1_60,22q11.2 deletion syndrome
pdidb_000006,22q_v1_19,22q11.2 deletion syndrome
pdidb_000048,22q_v1_9,22q11.2 deletion syndrome
pdidb_000024,22q_v1_49,22q11.2 deletion syndrome
pdidb_000114,22q_v2_72,22q11.2 deletion syndrome
pdidb_000139,22q_v2_98,22q11.2 deletion syndrome
pdidb_000090,22q_v2_48,22q11.2 deletion syndrome
pdidb_000131,22q_v2_90,22q11.2 deletion syndrome
pdidb_000122,22q_v2_8,22q11.2 deletion syndrome
pdidb_000033,22q_v1_62,22q11.2 deletion syndrome
pdidb_000009,22q_v1_3,22q11.2 deletion syndrome
pdidb_000070,22q_v2_28,22q11.2 deletion syndrome
pdidb_000071,22q_v2_29,22q11.2 deletion syndrome
pdidb_000110,22q_v2_69,22q11.2 deletion syndrome
pdidb_000097,22q_v2_54,22q11.2 deletion syndrome
pdidb_000021,22q_v1_46,22q11.2 deletion syndrome
pdidb_000106,22q_v2_63,22q11.2 deletion syndrome
pdidb_000047,22q_v1_87,22q11.2 deletion syndrome
pdidb_000075,22q_v2_34,22q11.2 deletion syndrome
pdidb_000056,22q_v2_11,22q11.2 deletion syndrome
pdidb_000058,22q_v2_13,22q11.2 deletion syndrome
pdidb_000133,22q_v2_92,22q11.2 deletion syndrome
pdidb_000037,22q_v1_67,22q11.2 deletion syndrome
pdidb_000041,22q_v1_75,22q11.2 deletion syndrome
pdidb_000094,22q_v2_51,22q11.2 deletion syndrome
pdidb_000011,22q_v1_31,22q11.2 deletion syndrome
pdidb_000115,22q_v2_73,22q11.2 deletion syndrome
pdidb_000013,22q_v1_34,22q11.2 deletion syndrome
pdidb_000068,22q_v2_25,22q11.2 deletion syndrome
pdidb_000073,22q_v2_32,22q11.2 deletion syndrome
pdidb_000003,22q_v1_13,22q11.2 deletion syndrome
pdidb_000026,22q_v1_52,22q11.2 deletion syndrome
pdidb_000035,22q_v1_64,22q11.2 deletion syndrome
pdidb_000082,22q_v2_40,22q11.2 deletion syndrome
pdidb_000088,22q_v2_46,22q11.2 deletion syndrome
pdidb_000079,22q_v2_38,22q11.2 deletion syndrome
pdidb_000004,22q_v1_16,22q11.2 deletion syndrome
pdidb_000029,22q_v1_59,22q11.2 deletion syndrome
pdidb_000007,22q_v1_20,22q11.2 deletion syndrome
pdidb_000101,22q_v2_58,22q11.2 deletion syndrome
pdidb_000116,22q_v2_74,22q11.2 deletion syndrome
pdidb_000108,22q_v2_66,22q11.2 deletion syndrome
pdidb_000028,22q_v1_58,22q11.2 deletion syndrome
pdidb_000005,22q_v1_18,22q11.2 deletion syndrome
pdidb_000044,22q_v1_8,22q11.2 deletion syndrome
pdidb_000113,22q_v2_71,22q11.2 deletion syndrome
pdidb_000065,22q_v2_22,22q11.2 deletion syndrome
pdidb_000049,22q_v1_90,22q11.2 deletion syndrome
pdidb_000100,22q_v2_57,22q11.2 deletion syndrome
pdidb_000054,22q_v2_1,22q11.2 deletion syndrome
pdidb_000017,22q_v1_40,22q11.2 deletion syndrome
pdidb_000093,22q_v2_50,22q11.2 deletion syndrome
pdidb_000014,22q_v1_36,22q11.2 deletion syndrome
pdidb_000046,22q_v1_81,22q11.2 deletion syndrome
pdidb_000083,22q_v2_41,22q11.2 deletion syndrome
pdidb_000067,22q_v2_24,22q11.2 deletion syndrome
pdidb_000057,22q_v2_12,22q11.2 deletion syndrome
pdidb_000061,22q_v2_18,22q11.2 deletion syndrome
pdidb_000137,22q_v2_96,22q11.2 deletion syndrome
pdidb_000096,22q_v2_53,22q11.2 deletion syndrome
pdidb_000080,22q_v2_39,22q11.2 deletion syndrome
pdidb_000120,22q_v2_78,22q11.2 deletion syndrome
pdidb_000121,22q_v2_79,22q11.2 deletion syndrome
pdidb_000008,22q_v1_26,22q11.2 deletion syndrome
pdidb_000051,22q_v1_95,22q11.2 deletion syndrome
pdidb_000022,22q_v1_47,22q11.2 deletion syndrome
pdidb_000010,22q_v1_30,22q11.2 deletion syndrome
pdidb_000050,22q_v1_94,22q11.2 deletion syndrome
pdidb_000123,22q_v2_80,22q11.2 deletion syndrome
pdidb_000012,22q_v1_33,22q11.2 deletion syndrome
pdidb_000127,22q_v2_84,22q11.2 deletion syndrome
pdidb_000303,AS_v2_93,Angelman syndrome
pdidb_000268,AS_v2_59,Angelman syndrome
pdidb_000298,AS_v2_88,Angelman syndrome
pdidb_000225,AS_v2_15,Angelman syndrome
pdidb_000152,AS_v1_21,Angelman syndrome
pdidb_000233,AS_v2_22,Angelman syndrome
pdidb_000153,AS_v1_22,Angelman syndrome
pdidb_000191,AS_v1_68,Angelman syndrome
pdidb_000146,AS_v1_13,Angelman syndrome
pdidb_000192,AS_v1_69,Angelman syndrome
pdidb_000221,AS_v2_11,Angelman syndrome
pdidb_000185,AS_v1_61,Angelman syndrome
pdidb_000208,AS_v1_84,Angelman syndrome
pdidb_000142,AS_v1_1,Angelman syndrome
pdidb_000187,AS_v1_63,Angelman syndrome
pdidb_000275,AS_v2_65,Angelman syndrome
pdidb_000285,AS_v2_76,Angelman syndrome
pdidb_000307,AS_v2_97,Angelman syndrome
pdidb_000182,AS_v1_58,Angelman syndrome
pdidb_000242,AS_v2_30,Angelman syndrome
pdidb_000302,AS_v2_91,Angelman syndrome
pdidb_000305,AS_v2_95,Angelman syndrome
pdidb_000147,AS_v1_14,Angelman syndrome
pdidb_000236,AS_v2_25,Angelman syndrome
pdidb_000270,AS_v2_60,Angelman syndrome
pdidb_000235,AS_v2_24,Angelman syndrome
pdidb_000181,AS_v1_57,Angelman syndrome
pdidb_000199,AS_v1_75,Angelman syndrome
pdidb_000226,AS_v2_16,Angelman syndrome
pdidb_000231,AS_v2_20,Angelman syndrome
pdidb_000283,AS_v2_74,Angelman syndrome
pdidb_000274,AS_v2_64,Angelman syndrome
pdidb_000201,AS_v1_77,Angelman syndrome
pdidb_000244,AS_v2_32,Angelman syndrome
pdidb_000145,AS_v1_12,Angelman syndrome
pdidb_000272,AS_v2_62,Angelman syndrome
pdidb_000164,AS_v1_37,Angelman syndrome
pdidb_000286,AS_v2_77,Angelman syndrome
pdidb_000212,AS_v1_90,Angelman syndrome
pdidb_000247,AS_v2_35,Angelman syndrome
pdidb_000237,AS_v2_26,Angelman syndrome
pdidb_000175,AS_v1_5,Angelman syndrome
pdidb_000241,AS_v2_3,Angelman syndrome
pdidb_000219,AS_v2_1,Angelman syndrome
pdidb_000232,AS_v2_21,Angelman syndrome
pdidb_000293,AS_v2_83,Angelman syndrome
pdidb_000230,AS_v2_2,Angelman syndrome
pdidb_000279,AS_v2_7,Angelman syndrome
pdidb_000161,AS_v1_31,Angelman syndrome
pdidb_000179,AS_v1_54,Angelman syndrome
pdidb_000280,AS_v2_70,Angelman syndrome
pdidb_000209,AS_v1_87,Angelman syndrome
pdidb_000223,AS_v2_13,Angelman syndrome
pdidb_000256,AS_v2_47,Angelman syndrome
pdidb_000148,AS_v1_15,Angelman syndrome
pdidb_000163,AS_v1_36,Angelman syndrome
pdidb_000167,AS_v1_4,Angelman syndrome
pdidb_000144,AS_v1_11,Angelman syndrome
pdidb_000248,AS_v2_37,Angelman syndrome
pdidb_000141,AS_v1_0,Angelman syndrome
pdidb_000202,AS_v1_78,Angelman syndrome
pdidb_000168,AS_v1_40,Angelman syndrome
pdidb_000174,AS_v1_49,Angelman syndrome
pdidb_000309,AS_v2_99,Angelman syndrome
pdidb_000249,AS_v2_38,Angelman syndrome
pdidb_000245,AS_v2_33,Angelman syndrome
pdidb_000211,AS_v1_89,Angelman syndrome
pdidb_000180,AS_v1_56,Angelman syndrome
pdidb_000176,AS_v1_50,Angelman syndrome
pdidb_000269,AS_v2_6,Angelman syndrome
pdidb_000172,AS_v1_45,Angelman syndrome
pdidb_000143,AS_v1_10,Angelman syndrome
pdidb_000240,AS_v2_29,Angelman syndrome
pdidb_000252,AS_v2_42,Angelman syndrome
pdidb_000177,AS_v1_51,Angelman syndrome
pdidb_000160,AS_v1_30,Angelman syndrome
pdidb_000210,AS_v1_88,Angelman syndrome
pdidb_000294,AS_v2_84,Angelman syndrome
pdidb_000289,AS_v2_8,Angelman syndrome
pdidb_000277,AS_v2_67,Angelman syndrome
pdidb_000297,AS_v2_87,Angelman syndrome
pdidb_000261,AS_v2_52,Angelman syndrome
pdidb_000193,AS_v1_7,Angelman syndrome
pdidb_000200,AS_v1_76,Angelman syndrome
pdidb_000243,AS_v2_31,Angelman syndrome
pdidb_000184,AS_v1_60,Angelman syndrome
pdidb_000224,AS_v2_14,Angelman syndrome
pdidb_000171,AS_v1_44,Angelman syndrome
pdidb_000203,AS_v1_79,Angelman syndrome
pdidb_000190,AS_v1_66,Angelman syndrome
pdidb_000227,AS_v2_17,Angelman syndrome
pdidb_000267,AS_v2_58,Angelman syndrome
pdidb_000291,AS_v2_81,Angelman syndrome
pdidb_000158,AS_v1_29,Angelman syndrome
pdidb_000276,AS_v2_66,Angelman syndrome
pdidb_000196,AS_v1_72,Angelman syndrome
pdidb_000162,AS_v1_33,Angelman syndrome
pdidb_000292,AS_v2_82,Angelman syndrome
pdidb_000198,AS_v1_74,Angelman syndrome
pdidb_000264,AS_v2_55,Angelman syndrome
pdidb_000229,AS_v2_19,Angelman syndrome
pdidb_000278,AS_v2_69,Angelman syndrome
pdidb_000206,AS_v1_82,Angelman syndrome
pdidb_000271,AS_v2_61,Angelman syndrome
pdidb_000290,AS_v2_80,Angelman syndrome
pdidb_000308,AS_v2_98,Angelman syndrome
pdidb_000165,AS_v1_38,Angelman syndrome
pdidb_000150,AS_v1_17,Angelman syndrome
pdidb_000188,AS_v1_64,Angelman syndrome
pdidb_000273,AS_v2_63,Angelman syndrome
pdidb_000300,AS_v2_9,Angelman syndrome
pdidb_000250,AS_v2_39,Angelman syndrome
pdidb_000306,AS_v2_96,Angelman syndrome
pdidb_000295,AS_v2_85,Angelman syndrome
pdidb_000205,AS_v1_80,Angelman syndrome
pdidb_000260,AS_v2_51,Angelman syndrome
pdidb_000282,AS_v2_72,Angelman syndrome
pdidb_000266,AS_v2_57,Angelman syndrome
pdidb_000204,AS_v1_8,Angelman syndrome
pdidb_000214,AS_v1_94,Angelman syndrome
pdidb_000281,AS_v2_71,Angelman syndrome
pdidb_000186,AS_v1_62,Angelman syndrome
pdidb_000183,AS_v1_59,Angelman syndrome
pdidb_000217,AS_v1_99,Angelman syndrome
pdidb_000159,AS_v1_3,Angelman syndrome
pdidb_000228,AS_v2_18,Angelman syndrome
pdidb_000170,AS_v1_43,Angelman syndrome
pdidb_000356,CdLS_v1_54,Cornelia de Lange syndrome
pdidb_000358,CdLS_v1_56,Cornelia de Lange syndrome
pdidb_000332,CdLS_v1_30,Cornelia de Lange syndrome
pdidb_000366,CdLS_v1_64,Cornelia de Lange syndrome
pdidb_000323,CdLS_v1_21,Cornelia de Lange syndrome
pdidb_000466,CdLS_v2_73,Cornelia de Lange syndrome
pdidb_000400,CdLS_v2_1,Cornelia de Lange syndrome
pdidb_000339,CdLS_v1_37,Cornelia de Lange syndrome
pdidb_000424,CdLS_v2_32,Cornelia de Lange syndrome
pdidb_000411,CdLS_v2_2,Cornelia de Lange syndrome
pdidb_000375,CdLS_v1_75,Cornelia de Lange syndrome
pdidb_000457,CdLS_v2_63,Cornelia de Lange syndrome
pdidb_000479,CdLS_v2_85,Cornelia de Lange syndrome
pdidb_000359,CdLS_v1_57,Cornelia de Lange syndrome
pdidb_000361,CdLS_v1_6,Cornelia de Lange syndrome
pdidb_000337,CdLS_v1_35,Cornelia de Lange syndrome
pdidb_000475,CdLS_v2_81,Cornelia de Lange syndrome
pdidb_000327,CdLS_v1_26,Cornelia de Lange syndrome
pdidb_000471,CdLS_v2_78,Cornelia de Lange syndrome
pdidb_000343,CdLS_v1_40,Cornelia de Lange syndrome
pdidb_000442,CdLS_v2_5,Cornelia de Lange syndrome
pdidb_000317,CdLS_v1_15,Cornelia de Lange syndrome
pdidb_000311,CdLS_v1_1,Cornelia de Lange syndrome
pdidb_000352,CdLS_v1_5,Cornelia de Lange syndrome
pdidb_000454,CdLS_v2_60,Cornelia de Lange syndrome
pdidb_000461,CdLS_v2_69,Cornelia de Lange syndrome
pdidb_000318,CdLS_v1_16,Cornelia de Lange syndrome
pdidb_000365,CdLS_v1_63,Cornelia de Lange syndrome
pdidb_000472,CdLS_v2_79,Cornelia de Lange syndrome
pdidb_000354,CdLS_v1_52,Cornelia de Lange syndrome
pdidb_000477,CdLS_v2_83,Cornelia de Lange syndrome
pdidb_000459,CdLS_v2_65,Cornelia de Lange syndrome
pdidb_000455,CdLS_v2_61,Cornelia de Lange syndrome
pdidb_000380,CdLS_v1_8,Cornelia de Lange syndrome
pdidb_000420,CdLS_v2_29,Cornelia de Lange syndrome
pdidb_000437,CdLS_v2_45,Cornelia de Lange syndrome
pdidb_000402,CdLS_v2_11,Cornelia de Lange syndrome
pdidb_000483,CdLS_v2_9,Cornelia de Lange syndrome
pdidb_000362,CdLS_v1_60,Cornelia de Lange syndrome
pdidb_000491,CdLS_v2_98,Cornelia de Lange syndrome
pdidb_000324,CdLS_v1_23,Cornelia de Lange syndrome
pdidb_000350,CdLS_v1_48,Cornelia de Lange syndrome
pdidb_000391,CdLS_v1_90,Cornelia de Lange syndrome
pdidb_000447,CdLS_v2_54,Cornelia de Lange syndrome
pdidb_000453,CdLS_v2_6,Cornelia de Lange syndrome
pdidb_000325,CdLS_v1_24,Cornelia de Lange syndrome
pdidb_000370,CdLS_v1_7,Cornelia de Lange syndrome
pdidb_000476,CdLS_v2_82,Cornelia de Lange syndrome
pdidb_000473,CdLS_v2_8,Cornelia de Lange syndrome
pdidb_000367,CdLS_v1_66,Cornelia de Lange syndrome
pdidb_000484,CdLS_v2_90,Cornelia de Lange syndrome
pdidb_000397,CdLS_v1_96,Cornelia de Lange syndrome
pdidb_000387,CdLS_v1_87,Cornelia de Lange syndrome
pdidb_000340,CdLS_v1_38,Cornelia de Lange syndrome
pdidb_000399,CdLS_v1_98,Cornelia de Lange syndrome
pdidb_000428,CdLS_v2_36,Cornelia de Lange syndrome
pdidb_000344,CdLS_v1_41,Cornelia de Lange syndrome
pdidb_000346,CdLS_v1_43,Cornelia de Lange syndrome
pdidb_000456,CdLS_v2_62,Cornelia de Lange syndrome
pdidb_000464,CdLS_v2_71,Cornelia de Lange syndrome
pdidb_000396,CdLS_v1_95,Cornelia de Lange syndrome
pdidb_000334,CdLS_v1_32,Cornelia de Lange syndrome
pdidb_000335,CdLS_v1_33,Cornelia de Lange syndrome
pdidb_000398,CdLS_v1_97,Cornelia de Lange syndrome
pdidb_000310,CdLS_v1_0,Cornelia de Lange syndrome
pdidb_000486,CdLS_v2_92,Cornelia de Lange syndrome
pdidb_000433,CdLS_v2_40,Cornelia de Lange syndrome
pdidb_000407,CdLS_v2_16,Cornelia de Lange syndrome
pdidb_000386,CdLS_v1_86,Cornelia de Lange syndrome
pdidb_000388,CdLS_v1_88,Cornelia de Lange syndrome
pdidb_000463,CdLS_v2_70,Cornelia de Lange syndrome
pdidb_000460,CdLS_v2_66,Cornelia de Lange syndrome
pdidb_000467,CdLS_v2_74,Cornelia de Lange syndrome
pdidb_000389,CdLS_v1_89,Cornelia de Lange syndrome
pdidb_000313,CdLS_v1_11,Cornelia de Lange syndrome
pdidb_000444,CdLS_v2_51,Cornelia de Lange syndrome
pdidb_000393,CdLS_v1_92,Cornelia de Lange syndrome
pdidb_000449,CdLS_v2_56,Cornelia de Lange syndrome
pdidb_000422,CdLS_v2_30,Cornelia de Lange syndrome
pdidb_000330,CdLS_v1_29,Cornelia de Lange syndrome
pdidb_000450,CdLS_v2_57,Cornelia de Lange syndrome
pdidb_000429,CdLS_v2_37,Cornelia de Lange syndrome
pdidb_000384,CdLS_v1_83,Cornelia de Lange syndrome
pdidb_000374,CdLS_v1_74,Cornelia de Lange syndrome
pdidb_000430,CdLS_v2_38,Cornelia de Lange syndrome
pdidb_000363,CdLS_v1_61,Cornelia de Lange syndrome
pdidb_000439,CdLS_v2_47,Cornelia de Lange syndrome
pdidb_000333,CdLS_v1_31,Cornelia de Lange syndrome
pdidb_000426,CdLS_v2_34,Cornelia de Lange syndrome
pdidb_000392,CdLS_v1_91,Cornelia de Lange syndrome
pdidb_000376,CdLS_v1_76,Cornelia de Lange syndrome
pdidb_000410,CdLS_v2_19,Cornelia de Lange syndrome
pdidb_000347,CdLS_v1_44,Cornelia de Lange syndrome
pdidb_000445,CdLS_v2_52,Cornelia de Lange syndrome
pdidb_000326,CdLS_v1_25,Cornelia de Lange syndrome
pdidb_000435,CdLS_v2_43,Cornelia de Lange syndrome
pdidb_000348,CdLS_v1_45,Cornelia de Lange syndrome
pdidb_000341,CdLS_v1_39,Cornelia de Lange syndrome
pdidb_000349,CdLS_v1_47,Cornelia de Lange syndrome
pdidb_000427,CdLS_v2_35,Cornelia de Lange syndrome
pdidb_000465,CdLS_v2_72,Cornelia de Lange syndrome
pdidb_000416,CdLS_v2_25,Cornelia de Lange syndrome
pdidb_000432,CdLS_v2_4,Cornelia de Lange syndrome
pdidb_000487,CdLS_v2_93,Cornelia de Lange syndrome
pdidb_000417,CdLS_v2_26,Cornelia de Lange syndrome
pdidb_000364,CdLS_v1_62,Cornelia de Lange syndrome
pdidb_000423,CdLS_v2_31,Cornelia de Lange syndrome
pdidb_000485,CdLS_v2_91,Cornelia de Lange syndrome
pdidb_000451,CdLS_v2_58,Cornelia de Lange syndrome
pdidb_000377,CdLS_v1_77,Cornelia de Lange syndrome
pdidb_000385,CdLS_v1_84,Cornelia de Lange syndrome
pdidb_000351,CdLS_v1_49,Cornelia de Lange syndrome
pdidb_000418,CdLS_v2_27,Cornelia de Lange syndrome
pdidb_000405,CdLS_v2_14,Cornelia de Lange syndrome
pdidb_000382,CdLS_v1_81,Cornelia de Lange syndrome
pdidb_000490,CdLS_v2_97,Cornelia de Lange syndrome
pdidb_000419,CdLS_v2_28,Cornelia de Lange syndrome
pdidb_000458,CdLS_v2_64,Cornelia de Lange syndrome
pdidb_000482,CdLS_v2_89,Cornelia de Lange syndrome
pdidb_000372,CdLS_v1_71,Cornelia de Lange syndrome
pdidb_000369,CdLS_v1_68,Cornelia de Lange syndrome
pdidb_000404,CdLS_v2_13,Cornelia de Lange syndrome
pdidb_000378,CdLS_v1_78,Cornelia de Lange syndrome
pdidb_000373,CdLS_v1_72,Cornelia de Lange syndrome
pdidb_000383,CdLS_v1_82,Cornelia de Lange syndrome
pdidb_000379,CdLS_v1_79,Cornelia de Lange syndrome
pdidb_000342,CdLS_v1_4,Cornelia de Lange syndrome
pdidb_000481,CdLS_v2_88,Cornelia de Lange syndrome
pdidb_000338,CdLS_v1_36,Cornelia de Lange syndrome
pdidb_000353,CdLS_v1_50,Cornelia de Lange syndrome
pdidb_000371,CdLS_v1_70,Cornelia de Lange syndrome
pdidb_000355,CdLS_v1_53,Cornelia de Lange syndrome
pdidb_000316,CdLS_v1_14,Cornelia de Lange syndrome
pdidb_000408,CdLS_v2_17,Cornelia de Lange syndrome
pdidb_000395,CdLS_v1_94,Cornelia de Lange syndrome
pdidb_000438,CdLS_v2_46,Cornelia de Lange syndrome
pdidb_000381,CdLS_v1_80,Cornelia de Lange syndrome
pdidb_000713,KS_v1_5,Kabuki syndrome
pdidb_000738,KS_v1_84,Kabuki syndrome
pdidb_000824,KS_v2_83,Kabuki syndrome
pdidb_000831,KS_v2_90,Kabuki syndrome
pdidb_000773,KS_v2_34,Kabuki syndrome
pdidb_000806,KS_v2_66,Kabuki syndrome
pdidb_000766,KS_v2_26,Kabuki syndrome
pdidb_000804,KS_v2_64,Kabuki syndrome
pdidb_000714,KS_v1_51,Kabuki syndrome
pdidb_000758,KS_v2_18,Kabuki syndrome
pdidb_000777,KS_v2_38,Kabuki syndrome
pdidb_000723,KS_v1_65,Kabuki syndrome
pdidb_000826,KS_v2_85,Kabuki syndrome
pdidb_000730,KS_v1_71,Kabuki syndrome
pdidb_000790,KS_v2_50,Kabuki syndrome
pdidb_000739,KS_v1_88,Kabuki syndrome
pdidb_000751,KS_v2_10,Kabuki syndrome
pdidb_000717,KS_v1_59,Kabuki syndrome
pdidb_000796,KS_v2_56,Kabuki syndrome
pdidb_000695,KS_v1_28,Kabuki syndrome
pdidb_000715,KS_v1_52,Kabuki syndrome
pdidb_000834,KS_v2_93,Kabuki syndrome
pdidb_000711,KS_v1_46,Kabuki syndrome
pdidb_000745,KS_v1_95,Kabuki syndrome
pdidb_000835,KS_v2_94,Kabuki syndrome
pdidb_000816,KS_v2_76,Kabuki syndrome
pdidb_000767,KS_v2_27,Kabuki syndrome
pdidb_000748,KS_v1_99,Kabuki syndrome
pdidb_000764,KS_v2_24,Kabuki syndrome
pdidb_000755,KS_v2_14,Kabuki syndrome
pdidb_000759,KS_v2_2,Kabuki syndrome
pdidb_000687,KS_v1_18,Kabuki syndrome
pdidb_000833,KS_v2_92,Kabuki syndrome
pdidb_000689,KS_v1_20,Kabuki syndrome
pdidb_000719,KS_v1_60,Kabuki syndrome
pdidb_000813,KS_v2_73,Kabuki syndrome
pdidb_000769,KS_v2_29,Kabuki syndrome
pdidb_000830,KS_v2_89,Kabuki syndrome
pdidb_000742,KS_v1_90,Kabuki syndrome
pdidb_000753,KS_v2_12,Kabuki syndrome
pdidb_000821,KS_v2_80,Kabuki syndrome
pdidb_000752,KS_v2_11,Kabuki syndrome
pdidb_000789,KS_v2_5,Kabuki syndrome
pdidb_000743,KS_v1_91,Kabuki syndrome
pdidb_000732,KS_v1_74,Kabuki syndrome
pdidb_000681,KS_v1_10,Kabuki syndrome
pdidb_000699,KS_v1_31,Kabuki syndrome
pdidb_000768,KS_v2_28,Kabuki syndrome
pdidb_000762,KS_v2_22,Kabuki syndrome
pdidb_000697,KS_v1_3,Kabuki syndrome
pdidb_000746,KS_v1_96,Kabuki syndrome
pdidb_000737,KS_v1_81,Kabuki syndrome
pdidb_000765,KS_v2_25,Kabuki syndrome
pdidb_000716,KS_v1_56,Kabuki syndrome
pdidb_000782,KS_v2_43,Kabuki syndrome
pdidb_000709,KS_v1_44,Kabuki syndrome
pdidb_000774,KS_v2_35,Kabuki syndrome
pdidb_000726,KS_v1_68,Kabuki syndrome
pdidb_000704,KS_v1_38,Kabuki syndrome
pdidb_000784,KS_v2_45,Kabuki syndrome
pdidb_000729,KS_v1_70,Kabuki syndrome
pdidb_000724,KS_v1_66,Kabuki syndrome
pdidb_000814,KS_v2_74,Kabuki syndrome
pdidb_000794,KS_v2_54,Kabuki syndrome
pdidb_000750,KS_v2_1,Kabuki syndrome
pdidb_000818,KS_v2_78,Kabuki syndrome
pdidb_000756,KS_v2_15,Kabuki syndrome
pdidb_000685,KS_v1_16,Kabuki syndrome
pdidb_000822,KS_v2_81,Kabuki syndrome
pdidb_000707,KS_v1_41,Kabuki syndrome
pdidb_000684,KS_v1_15,Kabuki syndrome
pdidb_000820,KS_v2_8,Kabuki syndrome
pdidb_000741,KS_v1_9,Kabuki syndrome
pdidb_000718,KS_v1_6,Kabuki syndrome
pdidb_000721,KS_v1_63,Kabuki syndrome
pdidb_000696,KS_v1_29,Kabuki syndrome
pdidb_000817,KS_v2_77,Kabuki syndrome
pdidb_000701,KS_v1_35,Kabuki syndrome
pdidb_000783,KS_v2_44,Kabuki syndrome
pdidb_000761,KS_v2_21,Kabuki syndrome
pdidb_000720,KS_v1_62,Kabuki syndrome
pdidb_000819,KS_v2_79,Kabuki syndrome
pdidb_000776,KS_v2_37,Kabuki syndrome
pdidb_000803,KS_v2_62,Kabuki syndrome
pdidb_000705,KS_v1_4,Kabuki syndrome
pdidb_000800,KS_v2_6,Kabuki syndrome
pdidb_000712,KS_v1_47,Kabuki syndrome
pdidb_000754,KS_v2_13,Kabuki syndrome
pdidb_000829,KS_v2_88,Kabuki syndrome
pdidb_000763,KS_v2_23,Kabuki syndrome
pdidb_000799,KS_v2_59,Kabuki syndrome
pdidb_000747,KS_v1_97,Kabuki syndrome
pdidb_000735,KS_v1_8,Kabuki syndrome
pdidb_000798,KS_v2_58,Kabuki syndrome
pdidb_000780,KS_v2_41,Kabuki syndrome
pdidb_000683,KS_v1_14,Kabuki syndrome
pdidb_000811,KS_v2_70,Kabuki syndrome
pdidb_000680,KS_v1_1,Kabuki syndrome
pdidb_000770,KS_v2_31,Kabuki syndrome
pdidb_000792,KS_v2_52,Kabuki syndrome
pdidb_000810,KS_v2_7,Kabuki syndrome
pdidb_000781,KS_v2_42,Kabuki syndrome
pdidb_000779,KS_v2_4,Kabuki syndrome
pdidb_000787,KS_v2_48,Kabuki syndrome
pdidb_000825,KS_v2_84,Kabuki syndrome
pdidb_000809,KS_v2_69,Kabuki syndrome
pdidb_000736,KS_v1_80,Kabuki syndrome
pdidb_000734,KS_v1_76,Kabuki syndrome
pdidb_000708,KS_v1_42,Kabuki syndrome
pdidb_000839,KS_v2_99,Kabuki syndrome
pdidb_000771,KS_v2_32,Kabuki syndrome
pdidb_000802,KS_v2_61,Kabuki syndrome
pdidb_000688,KS_v1_2,Kabuki syndrome
pdidb_000801,KS_v2_60,Kabuki syndrome
pdidb_000691,KS_v1_23,Kabuki syndrome
pdidb_000698,KS_v1_30,Kabuki syndrome
pdidb_000797,KS_v2_57,Kabuki syndrome
pdidb_000772,KS_v2_33,Kabuki syndrome
pdidb_000727,KS_v1_69,Kabuki syndrome
pdidb_000786,KS_v2_47,Kabuki syndrome
pdidb_000827,KS_v2_86,Kabuki syndrome
pdidb_000528,KBGS_v1_43,KBG syndrome
pdidb_000650,KBGS_v2_71,KBG syndrome
pdidb_000643,KBGS_v2_65,KBG syndrome
pdidb_000566,KBGS_v1_81,KBG syndrome
pdidb_000540,KBGS_v1_55,KBG syndrome
pdidb_000599,KBGS_v2_23,KBG syndrome
pdidb_000548,KBGS_v1_62,KBG syndrome
pdidb_000504,KBGS_v1_20,KBG syndrome
pdidb_000642,KBGS_v2_64,KBG syndrome
pdidb_000645,KBGS_v2_67,KBG syndrome
pdidb_000574,KBGS_v1_9,KBG syndrome
pdidb_000677,KBGS_v2_98,KBG syndrome
pdidb_000668,KBGS_v2_9,KBG syndrome
pdidb_000507,KBGS_v1_23,KBG syndrome
pdidb_000666,KBGS_v2_88,KBG syndrome
pdidb_000603,KBGS_v2_27,KBG syndrome
pdidb_000570,KBGS_v1_85,KBG syndrome
pdidb_000640,KBGS_v2_62,KBG syndrome
pdidb_000639,KBGS_v2_61,KBG syndrome
pdidb_000600,KBGS_v2_24,KBG syndrome
pdidb_000494,KBGS_v1_10,KBG syndrome
pdidb_000519,KBGS_v1_34,KBG syndrome
pdidb_000514,KBGS_v1_3,KBG syndrome
pdidb_000604,KBGS_v2_28,KBG syndrome
pdidb_000561,KBGS_v1_76,KBG syndrome
pdidb_000543,KBGS_v1_58,KBG syndrome
pdidb_000537,KBGS_v1_52,KBG syndrome
pdidb_000631,KBGS_v2_52,KBG syndrome
pdidb_000565,KBGS_v1_80,KBG syndrome
pdidb_000644,KBGS_v2_66,KBG syndrome
pdidb_000523,KBGS_v1_39,KBG syndrome
pdidb_000576,KBGS_v1_92,KBG syndrome
pdidb_000664,KBGS_v2_84,KBG syndrome
pdidb_000633,KBGS_v2_54,KBG syndrome
pdidb_000627,KBGS_v2_49,KBG syndrome
pdidb_000626,KBGS_v2_48,KBG syndrome
pdidb_000585,KBGS_v2_1,KBG syndrome
pdidb_000654,KBGS_v2_75,KBG syndrome
pdidb_000651,KBGS_v2_72,KBG syndrome
pdidb_000659,KBGS_v2_8,KBG syndrome
pdidb_000546,KBGS_v1_60,KBG syndrome
pdidb_000563,KBGS_v1_79,KBG syndrome
pdidb_000635,KBGS_v2_56,KBG syndrome
pdidb_000511,KBGS_v1_27,KBG syndrome
pdidb_000592,KBGS_v2_16,KBG syndrome
pdidb_000549,KBGS_v1_63,KBG syndrome
pdidb_000539,KBGS_v1_54,KBG syndrome
pdidb_000492,KBGS_v1_0,KBG syndrome
pdidb_000615,KBGS_v2_38,KBG syndrome
pdidb_000609,KBGS_v2_32,KBG syndrome
pdidb_000505,KBGS_v1_21,KBG syndrome
pdidb_000555,KBGS_v1_7,KBG syndrome
pdidb_000598,KBGS_v2_22,KBG syndrome
pdidb_000616,KBGS_v2_39,KBG syndrome
pdidb_000495,KBGS_v1_12,KBG syndrome
pdidb_000665,KBGS_v2_85,KBG syndrome
pdidb_000647,KBGS_v2_69,KBG syndrome
pdidb_000522,KBGS_v1_38,KBG syndrome
pdidb_000618,KBGS_v2_40,KBG syndrome
pdidb_000558,KBGS_v1_72,KBG syndrome
pdidb_000678,KBGS_v2_99,KBG syndrome
pdidb_000584,KBGS_v2_0,KBG syndrome
pdidb_000595,KBGS_v2_19,KBG syndrome
pdidb_000575,KBGS_v1_90,KBG syndrome
pdidb_000624,KBGS_v2_46,KBG syndrome
pdidb_000655,KBGS_v2_76,KBG syndrome
pdidb_000572,KBGS_v1_88,KBG syndrome
pdidb_000653,KBGS_v2_74,KBG syndrome
pdidb_000621,KBGS_v2_43,KBG syndrome
pdidb_000630,KBGS_v2_51,KBG syndrome
pdidb_000525,KBGS_v1_40,KBG syndrome
pdidb_000622,KBGS_v2_44,KBG syndrome
pdidb_000564,KBGS_v1_8,KBG syndrome
pdidb_000553,KBGS_v1_67,KBG syndrome
pdidb_000534,KBGS_v1_5,KBG syndrome
pdidb_000582,KBGS_v1_98,KBG syndrome
pdidb_000508,KBGS_v1_24,KBG syndrome
pdidb_000568,KBGS_v1_83,KBG syndrome
pdidb_000594,KBGS_v2_18,KBG syndrome
pdidb_000516,KBGS_v1_31,KBG syndrome
pdidb_000676,KBGS_v2_97,KBG syndrome
pdidb_000641,KBGS_v2_63,KBG syndrome
pdidb_000602,KBGS_v2_26,KBG syndrome
pdidb_000577,KBGS_v1_93,KBG syndrome
pdidb_000501,KBGS_v1_18,KBG syndrome
pdidb_000673,KBGS_v2_94,KBG syndrome
pdidb_000571,KBGS_v1_87,KBG syndrome
pdidb_000556,KBGS_v1_70,KBG syndrome
pdidb_000671,KBGS_v2_92,KBG syndrome
pdidb_000619,KBGS_v2_41,KBG syndrome
pdidb_000581,KBGS_v1_97,KBG syndrome
pdidb_000597,KBGS_v2_21,KBG syndrome
pdidb_000636,KBGS_v2_58,KBG syndrome
pdidb_000608,KBGS_v2_31,KBG syndrome
pdidb_000588,KBGS_v2_12,KBG syndrome
pdidb_000667,KBGS_v2_89,KBG syndrome
pdidb_000509,KBGS_v1_25,KBG syndrome
pdidb_000591,KBGS_v2_15,KBG syndrome
pdidb_000617,KBGS_v2_4,KBG syndrome
pdidb_000675,KBGS_v2_96,KBG syndrome
pdidb_000601,KBGS_v2_25,KBG syndrome
pdidb_000629,KBGS_v2_50,KBG syndrome
pdidb_000497,KBGS_v1_14,KBG syndrome
pdidb_000623,KBGS_v2_45,KBG syndrome
pdidb_000612,KBGS_v2_35,KBG syndrome
pdidb_000638,KBGS_v2_60,KBG syndrome
pdidb_000590,KBGS_v2_14,KBG syndrome
pdidb_000524,KBGS_v1_4,KBG syndrome
pdidb_000610,KBGS_v2_33,KBG syndrome
pdidb_000532,KBGS_v1_47,KBG syndrome
pdidb_000628,KBGS_v2_5,KBG syndrome
pdidb_000496,KBGS_v1_13,KBG syndrome
pdidb_000498,KBGS_v1_15,KBG syndrome
pdidb_000605,KBGS_v2_29,KBG syndrome
pdidb_000560,KBGS_v1_75,KBG syndrome
pdidb_000503,KBGS_v1_2,KBG syndrome
pdidb_000573,KBGS_v1_89,KBG syndrome
pdidb_000542,KBGS_v1_57,KBG syndrome
pdidb_000583,KBGS_v1_99,KBG syndrome
pdidb_000533,KBGS_v1_48,KBG syndrome
pdidb_000625,KBGS_v2_47,KBG syndrome
pdidb_000499,KBGS_v1_16,KBG syndrome
pdidb_000586,KBGS_v2_10,KBG syndrome
pdidb_000567,KBGS_v1_82,KBG syndrome
pdidb_000611,KBGS_v2_34,KBG syndrome
pdidb_000578,KBGS_v1_94,KBG syndrome
pdidb_000569,KBGS_v1_84,KBG syndrome
pdidb_000500,KBGS_v1_17,KBG syndrome
pdidb_000614,KBGS_v2_37,KBG syndrome
pdidb_000518,KBGS_v1_33,KBG syndrome
pdidb_000557,KBGS_v1_71,KBG syndrome
pdidb_000660,KBGS_v2_80,KBG syndrome
pdidb_000593,KBGS_v2_17,KBG syndrome
pdidb_000620,KBGS_v2_42,KBG syndrome
pdidb_000517,KBGS_v1_32,KBG syndrome
pdidb_000663,KBGS_v2_83,KBG syndrome
pdidb_000648,KBGS_v2_7,KBG syndrome
pdidb_000544,KBGS_v1_59,KBG syndrome
pdidb_000672,KBGS_v2_93,KBG syndrome
pdidb_000658,KBGS_v2_79,KBG syndrome
pdidb_001002,NCBRS_v2_89,Nicolaides-Baraitser syndrome
pdidb_000905,NCBRS_v1_77,Nicolaides-Baraitser syndrome
pdidb_000971,NCBRS_v2_52,Nicolaides-Baraitser syndrome
pdidb_001006,NCBRS_v2_98,Nicolaides-Baraitser syndrome
pdidb_000848,NCBRS_v1_16,Nicolaides-Baraitser syndrome
pdidb_000952,NCBRS_v2_34,Nicolaides-Baraitser syndrome
pdidb_000875,NCBRS_v1_44,Nicolaides-Baraitser syndrome
pdidb_000981,NCBRS_v2_65,Nicolaides-Baraitser syndrome
pdidb_000869,NCBRS_v1_38,Nicolaides-Baraitser syndrome
pdidb_000958,NCBRS_v2_40,Nicolaides-Baraitser syndrome
pdidb_000960,NCBRS_v2_42,Nicolaides-Baraitser syndrome
pdidb_000916,NCBRS_v1_87,Nicolaides-Baraitser syndrome
pdidb_000930,NCBRS_v2_13,Nicolaides-Baraitser syndrome
pdidb_000899,NCBRS_v1_7,Nicolaides-Baraitser syndrome
pdidb_000908,NCBRS_v1_8,Nicolaides-Baraitser syndrome
pdidb_000910,NCBRS_v1_81,Nicolaides-Baraitser syndrome
pdidb_000963,NCBRS_v2_45,Nicolaides-Baraitser syndrome
pdidb_000949,NCBRS_v2_31,Nicolaides-Baraitser syndrome
pdidb_000907,NCBRS_v1_79,Nicolaides-Baraitser syndrome
pdidb_000962,NCBRS_v2_44,Nicolaides-Baraitser syndrome
pdidb_000988,NCBRS_v2_72,Nicolaides-Baraitser syndrome
pdidb_000955,NCBRS_v2_38,Nicolaides-Baraitser syndrome
pdidb_000969,NCBRS_v2_50,Nicolaides-Baraitser syndrome
pdidb_000855,NCBRS_v1_24,Nicolaides-Baraitser syndrome
pdidb_000924,NCBRS_v1_99,Nicolaides-Baraitser syndrome
pdidb_000918,NCBRS_v1_9,Nicolaides-Baraitser syndrome
pdidb_000920,NCBRS_v1_94,Nicolaides-Baraitser syndrome
pdidb_000846,NCBRS_v1_14,Nicolaides-Baraitser syndrome
pdidb_000961,NCBRS_v2_43,Nicolaides-Baraitser syndrome
pdidb_000856,NCBRS_v1_25,Nicolaides-Baraitser syndrome
pdidb_000863,NCBRS_v1_31,Nicolaides-Baraitser syndrome
pdidb_000843,NCBRS_v1_11,Nicolaides-Baraitser syndrome
pdidb_000854,NCBRS_v1_22,Nicolaides-Baraitser syndrome
pdidb_000915,NCBRS_v1_86,Nicolaides-Baraitser syndrome
pdidb_000897,NCBRS_v1_67,Nicolaides-Baraitser syndrome
pdidb_000937,NCBRS_v2_20,Nicolaides-Baraitser syndrome
pdidb_000984,NCBRS_v2_68,Nicolaides-Baraitser syndrome
pdidb_000919,NCBRS_v1_92,Nicolaides-Baraitser syndrome
pdidb_000989,NCBRS_v2_74,Nicolaides-Baraitser syndrome
pdidb_000966,NCBRS_v2_48,Nicolaides-Baraitser syndrome
pdidb_000904,NCBRS_v1_76,Nicolaides-Baraitser syndrome
pdidb_000982,NCBRS_v2_66,Nicolaides-Baraitser syndrome
pdidb_000885,NCBRS_v1_54,Nicolaides-Baraitser syndrome
pdidb_000946,NCBRS_v2_29,Nicolaides-Baraitser syndrome
pdidb_000931,NCBRS_v2_15,Nicolaides-Baraitser syndrome
pdidb_000992,NCBRS_v2_77,Nicolaides-Baraitser syndrome
pdidb_000894,NCBRS_v1_63,Nicolaides-Baraitser syndrome
pdidb_000879,NCBRS_v1_48,Nicolaides-Baraitser syndrome
pdidb_000892,NCBRS_v1_61,Nicolaides-Baraitser syndrome
pdidb_000845,NCBRS_v1_13,Nicolaides-Baraitser syndrome
pdidb_000987,NCBRS_v2_71,Nicolaides-Baraitser syndrome
pdidb_000979,NCBRS_v2_62,Nicolaides-Baraitser syndrome
pdidb_000983,NCBRS_v2_67,Nicolaides-Baraitser syndrome
pdidb_000928,NCBRS_v2_11,Nicolaides-Baraitser syndrome
pdidb_000909,NCBRS_v1_80,Nicolaides-Baraitser syndrome
pdidb_000911,NCBRS_v1_82,Nicolaides-Baraitser syndrome
pdidb_000895,NCBRS_v1_64,Nicolaides-Baraitser syndrome
pdidb_000944,NCBRS_v2_27,Nicolaides-Baraitser syndrome
pdidb_000947,NCBRS_v2_3,Nicolaides-Baraitser syndrome
pdidb_000997,NCBRS_v2_83,Nicolaides-Baraitser syndrome
pdidb_000865,NCBRS_v1_33,Nicolaides-Baraitser syndrome
pdidb_000844,NCBRS_v1_12,Nicolaides-Baraitser syndrome
pdidb_000956,NCBRS_v2_39,Nicolaides-Baraitser syndrome
pdidb_000976,NCBRS_v2_59,Nicolaides-Baraitser syndrome
pdidb_000851,NCBRS_v1_19,Nicolaides-Baraitser syndrome
pdidb_000993,NCBRS_v2_78,Nicolaides-Baraitser syndrome
pdidb_000990,NCBRS_v2_75,Nicolaides-Baraitser syndrome
pdidb_000964,NCBRS_v2_46,Nicolaides-Baraitser syndrome
pdidb_000999,NCBRS_v2_85,Nicolaides-Baraitser syndrome
pdidb_000880,NCBRS_v1_49,Nicolaides-Baraitser syndrome
pdidb_000867,NCBRS_v1_36,Nicolaides-Baraitser syndrome
pdidb_000862,NCBRS_v1_30,Nicolaides-Baraitser syndrome
pdidb_001005,NCBRS_v2_93,Nicolaides-Baraitser syndrome
pdidb_000967,NCBRS_v2_49,Nicolaides-Baraitser syndrome
pdidb_000965,NCBRS_v2_47,Nicolaides-Baraitser syndrome
pdidb_000913,NCBRS_v1_84,Nicolaides-Baraitser syndrome
pdidb_000912,NCBRS_v1_83,Nicolaides-Baraitser syndrome
pdidb_000864,NCBRS_v1_32,Nicolaides-Baraitser syndrome
pdidb_000887,NCBRS_v1_56,Nicolaides-Baraitser syndrome
pdidb_000972,NCBRS_v2_53,Nicolaides-Baraitser syndrome
pdidb_000914,NCBRS_v1_85,Nicolaides-Baraitser syndrome
pdidb_000896,NCBRS_v1_66,Nicolaides-Baraitser syndrome
pdidb_000866,NCBRS_v1_34,Nicolaides-Baraitser syndrome
pdidb_001000,NCBRS_v2_86,Nicolaides-Baraitser syndrome
pdidb_000986,NCBRS_v2_70,Nicolaides-Baraitser syndrome
pdidb_000860,NCBRS_v1_29,Nicolaides-Baraitser syndrome
pdidb_000840,NCBRS_v1_0,Nicolaides-Baraitser syndrome
pdidb_000847,NCBRS_v1_15,Nicolaides-Baraitser syndrome
pdidb_000991,NCBRS_v2_76,Nicolaides-Baraitser syndrome
pdidb_000974,NCBRS_v2_57,Nicolaides-Baraitser syndrome
pdidb_000943,NCBRS_v2_26,Nicolaides-Baraitser syndrome
pdidb_000900,NCBRS_v1_71,Nicolaides-Baraitser syndrome
pdidb_000859,NCBRS_v1_28,Nicolaides-Baraitser syndrome
pdidb_000841,NCBRS_v1_1,Nicolaides-Baraitser syndrome
pdidb_000995,NCBRS_v2_8,Nicolaides-Baraitser syndrome
pdidb_000933,NCBRS_v2_17,Nicolaides-Baraitser syndrome
pdidb_001001,NCBRS_v2_88,Nicolaides-Baraitser syndrome
pdidb_000853,NCBRS_v1_21,Nicolaides-Baraitser syndrome
pdidb_000886,NCBRS_v1_55,Nicolaides-Baraitser syndrome
pdidb_000996,NCBRS_v2_81,Nicolaides-Baraitser syndrome
pdidb_000881,NCBRS_v1_5,Nicolaides-Baraitser syndrome
pdidb_000874,NCBRS_v1_43,Nicolaides-Baraitser syndrome
pdidb_000926,NCBRS_v2_1,Nicolaides-Baraitser syndrome
pdidb_000970,NCBRS_v2_51,Nicolaides-Baraitser syndrome
pdidb_000953,NCBRS_v2_35,Nicolaides-Baraitser syndrome
pdidb_000951,NCBRS_v2_33,Nicolaides-Baraitser syndrome
pdidb_000870,NCBRS_v1_4,Nicolaides-Baraitser syndrome
pdidb_000878,NCBRS_v1_47,Nicolaides-Baraitser syndrome
pdidb_000858,NCBRS_v1_27,Nicolaides-Baraitser syndrome
pdidb_000884,NCBRS_v1_53,Nicolaides-Baraitser syndrome
pdidb_000942,NCBRS_v2_25,Nicolaides-Baraitser syndrome
pdidb_000936,NCBRS_v2_2,Nicolaides-Baraitser syndrome
pdidb_001004,NCBRS_v2_91,Nicolaides-Baraitser syndrome
pdidb_000893,NCBRS_v1_62,Nicolaides-Baraitser syndrome
pdidb_000917,NCBRS_v1_89,Nicolaides-Baraitser syndrome
pdidb_000921,NCBRS_v1_95,Nicolaides-Baraitser syndrome
pdidb_000957,NCBRS_v2_4,Nicolaides-Baraitser syndrome
pdidb_000857,NCBRS_v1_26,Nicolaides-Baraitser syndrome
pdidb_000871,NCBRS_v1_40,Nicolaides-Baraitser syndrome
pdidb_000975,NCBRS_v2_58,Nicolaides-Baraitser syndrome
pdidb_000939,NCBRS_v2_22,Nicolaides-Baraitser syndrome
pdidb_000876,NCBRS_v1_45,Nicolaides-Baraitser syndrome
pdidb_001003,NCBRS_v2_90,Nicolaides-Baraitser syndrome
pdidb_000889,NCBRS_v1_58,Nicolaides-Baraitser syndrome
pdidb_000903,NCBRS_v1_75,Nicolaides-Baraitser syndrome
pdidb_000891,NCBRS_v1_6,Nicolaides-Baraitser syndrome
pdidb_001138,NS_v2_44,Noonan syndrome
pdidb_001155,NS_v2_6,Noonan syndrome
pdidb_001018,NS_v1_18,Noonan syndrome
pdidb_001195,NS_v2_97,Noonan syndrome
pdidb_001094,NS_v1_94,Noonan syndrome
pdidb_001035,NS_v1_35,Noonan syndrome
pdidb_001066,NS_v1_66,Noonan syndrome
pdidb_001149,NS_v2_54,Noonan syndrome
pdidb_001192,NS_v2_94,Noonan syndrome
pdidb_001019,NS_v1_19,Noonan syndrome
pdidb_001091,NS_v1_9,Noonan syndrome
pdidb_001140,NS_v2_46,Noonan syndrome
pdidb_001156,NS_v2_60,Noonan syndrome
pdidb_001020,NS_v1_2,Noonan syndrome
pdidb_001058,NS_v1_59,Noonan syndrome
pdidb_001055,NS_v1_55,Noonan syndrome
pdidb_001119,NS_v2_26,Noonan syndrome
pdidb_001037,NS_v1_37,Noonan syndrome
pdidb_001050,NS_v1_50,Noonan syndrome
pdidb_001150,NS_v2_55,Noonan syndrome
pdidb_001028,NS_v1_27,Noonan syndrome
pdidb_001036,NS_v1_36,Noonan syndrome
pdidb_001038,NS_v1_38,Noonan syndrome
pdidb_001124,NS_v2_30,Noonan syndrome
pdidb_001133,NS_v2_39,Noonan syndrome
pdidb_001027,NS_v1_26,Noonan syndrome
pdidb_001171,NS_v2_75,Noonan syndrome
pdidb_001137,NS_v2_43,Noonan syndrome
pdidb_001043,NS_v1_44,Noonan syndrome
pdidb_001118,NS_v2_25,Noonan syndrome
pdidb_001101,NS_v2_1,Noonan syndrome
pdidb_001167,NS_v2_70,Noonan syndrome
pdidb_001102,NS_v2_10,Noonan syndrome
pdidb_001143,NS_v2_49,Noonan syndrome
pdidb_001172,NS_v2_76,Noonan syndrome
pdidb_001147,NS_v2_52,Noonan syndrome
pdidb_001159,NS_v2_63,Noonan syndrome
pdidb_001160,NS_v2_64,Noonan syndrome
pdidb_001087,NS_v1_86,Noonan syndrome
pdidb_001031,NS_v1_30,Noonan syndrome
pdidb_001163,NS_v2_67,Noonan syndrome
pdidb_001157,NS_v2_61,Noonan syndrome
pdidb_001046,NS_v1_47,Noonan syndrome
pdidb_001134,NS_v2_4,Noonan syndrome
pdidb_001176,NS_v2_8,Noonan syndrome
pdidb_001188,NS_v2_90,Noonan syndrome
pdidb_001097,NS_v1_97,Noonan syndrome
pdidb_001185,NS_v2_88,Noonan syndrome
pdidb_001042,NS_v1_43,Noonan syndrome
pdidb_001071,NS_v1_70,Noonan syndrome
pdidb_001039,NS_v1_39,Noonan syndrome
pdidb_001115,NS_v2_22,Noonan syndrome
pdidb_001023,NS_v1_22,Noonan syndrome
pdidb_001141,NS_v2_47,Noonan syndrome
pdidb_001189,NS_v2_91,Noonan syndrome
pdidb_001048,NS_v1_49,Noonan syndrome
pdidb_001126,NS_v2_32,Noonan syndrome
pdidb_001070,NS_v1_7,Noonan syndrome
pdidb_001065,NS_v1_65,Noonan syndrome
pdidb_001197,NS_v2_99,Noonan syndrome
pdidb_001190,NS_v2_92,Noonan syndrome
pdidb_001056,NS_v1_56,Noonan syndrome
pdidb_001186,NS_v2_89,Noonan syndrome
pdidb_001122,NS_v2_29,Noonan syndrome
pdidb_001096,NS_v1_96,Noonan syndrome
pdidb_001086,NS_v1_85,Noonan syndrome
pdidb_001075,NS_v1_74,Noonan syndrome
pdidb_001040,NS_v1_40,Noonan syndrome
pdidb_001182,NS_v2_85,Noonan syndrome
pdidb_001068,NS_v1_68,Noonan syndrome
pdidb_001166,NS_v2_7,Noonan syndrome
pdidb_001098,NS_v1_98,Noonan syndrome
pdidb_001079,NS_v1_79,Noonan syndrome
pdidb_001107,NS_v2_15,Noonan syndrome
pdidb_001109,NS_v2_17,Noonan syndrome
pdidb_001154,NS_v2_59,Noonan syndrome
pdidb_001174,NS_v2_78,Noonan syndrome
pdidb_001033,NS_v1_33,Noonan syndrome
pdidb_001067,NS_v1_67,Noonan syndrome
pdidb_001022,NS_v1_21,Noonan syndrome
pdidb_001089,NS_v1_88,Noonan syndrome
pdidb_001029,NS_v1_29,Noonan syndrome
pdidb_001168,NS_v2_71,Noonan syndrome
pdidb_001062,NS_v1_62,Noonan syndrome
pdidb_001194,NS_v2_96,Noonan syndrome
pdidb_001078,NS_v1_78,Noonan syndrome
pdidb_001024,NS_v1_23,Noonan syndrome
pdidb_001034,NS_v1_34,Noonan syndrome
pdidb_001074,NS_v1_73,Noonan syndrome
pdidb_001054,NS_v1_54,Noonan syndrome
pdidb_001117,NS_v2_24,Noonan syndrome
pdidb_001180,NS_v2_83,Noonan syndrome
pdidb_001077,NS_v1_77,Noonan syndrome
pdidb_001158,NS_v2_62,Noonan syndrome
pdidb_001021,NS_v1_20,Noonan syndrome
pdidb_001164,NS_v2_68,Noonan syndrome
pdidb_001116,NS_v2_23,Noonan syndrome
pdidb_001051,NS_v1_51,Noonan syndrome
pdidb_001191,NS_v2_93,Noonan syndrome
pdidb_001110,NS_v2_18,Noonan syndrome
pdidb_001144,NS_v2_5,Noonan syndrome
pdidb_001092,NS_v1_90,Noonan syndrome
pdidb_001059,NS_v1_6,Noonan syndrome
pdidb_001125,NS_v2_31,Noonan syndrome
pdidb_001128,NS_v2_34,Noonan syndrome
pdidb_001099,NS_v1_99,Noonan syndrome
pdidb_001104,NS_v2_12,Noonan syndrome
pdidb_001015,NS_v1_15,Noonan syndrome
pdidb_001151,NS_v2_56,Noonan syndrome
pdidb_001103,NS_v2_11,Noonan syndrome
pdidb_001196,NS_v2_98,Noonan syndrome
pdidb_001095,NS_v1_95,Noonan syndrome
pdidb_001178,NS_v2_81,Noonan syndrome
pdidb_001076,NS_v1_76,Noonan syndrome
pdidb_001120,NS_v2_27,Noonan syndrome
pdidb_001152,NS_v2_57,Noonan syndrome
pdidb_001064,NS_v1_64,Noonan syndrome
pdidb_001100,NS_v2_0,Noonan syndrome
pdidb_001131,NS_v2_37,Noonan syndrome
pdidb_001162,NS_v2_66,Noonan syndrome
pdidb_001053,NS_v1_53,Noonan syndrome
pdidb_001130,NS_v2_36,Noonan syndrome
pdidb_001173,NS_v2_77,Noonan syndrome
pdidb_001041,NS_v1_42,Noonan syndrome
pdidb_001052,NS_v1_52,Noonan syndrome
pdidb_001193,NS_v2_95,Noonan syndrome
pdidb_001085,NS_v1_84,Noonan syndrome
pdidb_001108,NS_v2_16,Noonan syndrome
pdidb_001030,NS_v1_3,Noonan syndrome
pdidb_001061,NS_v1_61,Noonan syndrome
pdidb_001139,NS_v2_45,Noonan syndrome
pdidb_001132,NS_v2_38,Noonan syndrome
pdidb_001184,NS_v2_87,Noonan syndrome
pdidb_001181,NS_v2_84,Noonan syndrome
pdidb_001084,NS_v1_83,Noonan syndrome
pdidb_001153,NS_v2_58,Noonan syndrome
pdidb_001013,NS_v1_13,Noonan syndrome
pdidb_001072,NS_v1_71,Noonan syndrome
pdidb_001081,NS_v1_80,Noonan syndrome
pdidb_001111,NS_v2_19,Noonan syndrome
pdidb_001025,NS_v1_24,Noonan syndrome
pdidb_001169,NS_v2_73,Noonan syndrome
pdidb_001179,NS_v2_82,Noonan syndrome
pdidb_001243,RTS_v1_56,Rubinstein-Taybi syndrome
pdidb_001206,RTS_v1_17,Rubinstein-Taybi syndrome
pdidb_001261,RTS_v1_74,Rubinstein-Taybi syndrome
pdidb_001236,RTS_v1_5,Rubinstein-Taybi syndrome
pdidb_001274,RTS_v1_87,Rubinstein-Taybi syndrome
pdidb_001334,RTS_v2_56,Rubinstein-Taybi syndrome
pdidb_001345,RTS_v2_67,Rubinstein-Taybi syndrome
pdidb_001253,RTS_v1_66,Rubinstein-Taybi syndrome
pdidb_001225,RTS_v1_37,Rubinstein-Taybi syndrome
pdidb_001289,RTS_v2_13,Rubinstein-Taybi syndrome
pdidb_001293,RTS_v2_17,Rubinstein-Taybi syndrome
pdidb_001324,RTS_v2_47,Rubinstein-Taybi syndrome
pdidb_001333,RTS_v2_55,Rubinstein-Taybi syndrome
pdidb_001204,RTS_v1_15,Rubinstein-Taybi syndrome
pdidb_001305,RTS_v2_28,Rubinstein-Taybi syndrome
pdidb_001272,RTS_v1_85,Rubinstein-Taybi syndrome
pdidb_001254,RTS_v1_68,Rubinstein-Taybi syndrome
pdidb_001200,RTS_v1_10,Rubinstein-Taybi syndrome
pdidb_001249,RTS_v1_61,Rubinstein-Taybi syndrome
pdidb_001310,RTS_v2_32,Rubinstein-Taybi syndrome
pdidb_001299,RTS_v2_22,Rubinstein-Taybi syndrome
pdidb_001369,RTS_v2_93,Rubinstein-Taybi syndrome
pdidb_001231,RTS_v1_45,Rubinstein-Taybi syndrome
pdidb_001309,RTS_v2_31,Rubinstein-Taybi syndrome
pdidb_001264,RTS_v1_77,Rubinstein-Taybi syndrome
pdidb_001367,RTS_v2_91,Rubinstein-Taybi syndrome
pdidb_001245,RTS_v1_58,Rubinstein-Taybi syndrome
pdidb_001282,RTS_v1_96,Rubinstein-Taybi syndrome
pdidb_001373,RTS_v2_98,Rubinstein-Taybi syndrome
pdidb_001295,RTS_v2_19,Rubinstein-Taybi syndrome
pdidb_001298,RTS_v2_21,Rubinstein-Taybi syndrome
pdidb_001271,RTS_v1_84,Rubinstein-Taybi syndrome
pdidb_001199,RTS_v1_1,Rubinstein-Taybi syndrome
pdidb_001354,RTS_v2_78,Rubinstein-Taybi syndrome
pdidb_001348,RTS_v2_7,Rubinstein-Taybi syndrome
pdidb_001278,RTS_v1_90,Rubinstein-Taybi syndrome
pdidb_001326,RTS_v2_49,Rubinstein-Taybi syndrome
pdidb_001370,RTS_v2_94,Rubinstein-Taybi syndrome
pdidb_001307,RTS_v2_3,Rubinstein-Taybi syndrome
pdidb_001247,RTS_v1_6,Rubinstein-Taybi syndrome
pdidb_001202,RTS_v1_13,Rubinstein-Taybi syndrome
pdidb_001229,RTS_v1_43,Rubinstein-Taybi syndrome
pdidb_001350,RTS_v2_72,Rubinstein-Taybi syndrome
pdidb_001331,RTS_v2_53,Rubinstein-Taybi syndrome
pdidb_001296,RTS_v2_2,Rubinstein-Taybi syndrome
pdidb_001301,RTS_v2_24,Rubinstein-Taybi syndrome
pdidb_001368,RTS_v2_92,Rubinstein-Taybi syndrome
pdidb_001283,RTS_v1_97,Rubinstein-Taybi syndrome
pdidb_001269,RTS_v1_82,Rubinstein-Taybi syndrome
pdidb_001273,RTS_v1_86,Rubinstein-Taybi syndrome
pdidb_001251,RTS_v1_64,Rubinstein-Taybi syndrome
pdidb_001321,RTS_v2_44,Rubinstein-Taybi syndrome
pdidb_001329,RTS_v2_51,Rubinstein-Taybi syndrome
pdidb_001220,RTS_v1_31,Rubinstein-Taybi syndrome
pdidb_001265,RTS_v1_78,Rubinstein-Taybi syndrome
pdidb_001374,RTS_v2_99,Rubinstein-Taybi syndrome
pdidb_001262,RTS_v1_75,Rubinstein-Taybi syndrome
pdidb_001349,RTS_v2_70,Rubinstein-Taybi syndrome
pdidb_001284,RTS_v1_98,Rubinstein-Taybi syndrome
pdidb_001342,RTS_v2_64,Rubinstein-Taybi syndrome
pdidb_001308,RTS_v2_30,Rubinstein-Taybi syndrome
pdidb_001288,RTS_v2_12,Rubinstein-Taybi syndrome
pdidb_001336,RTS_v2_58,Rubinstein-Taybi syndrome
pdidb_001214,RTS_v1_25,Rubinstein-Taybi syndrome
pdidb_001227,RTS_v1_40,Rubinstein-Taybi syndrome
pdidb_001314,RTS_v2_36,Rubinstein-Taybi syndrome
pdidb_001330,RTS_v2_52,Rubinstein-Taybi syndrome
pdidb_001287,RTS_v2_11,Rubinstein-Taybi syndrome
pdidb_001341,RTS_v2_63,Rubinstein-Taybi syndrome
pdidb_001240,RTS_v1_53,Rubinstein-Taybi syndrome
pdidb_001292,RTS_v2_16,Rubinstein-Taybi syndrome
pdidb_001315,RTS_v2_37,Rubinstein-Taybi syndrome
pdidb_001242,RTS_v1_55,Rubinstein-Taybi syndrome
pdidb_001328,RTS_v2_50,Rubinstein-Taybi syndrome
pdidb_001353,RTS_v2_76,Rubinstein-Taybi syndrome
pdidb_001223,RTS_v1_34,Rubinstein-Taybi syndrome
pdidb_001290,RTS_v2_14,Rubinstein-Taybi syndrome
pdidb_001319,RTS_v2_42,Rubinstein-Taybi syndrome
pdidb_001255,RTS_v1_69,Rubinstein-Taybi syndrome
pdidb_001332,RTS_v2_54,Rubinstein-Taybi syndrome
pdidb_001215,RTS_v1_26,Rubinstein-Taybi syndrome
pdidb_001339,RTS_v2_61,Rubinstein-Taybi syndrome
pdidb_001355,RTS_v2_79,Rubinstein-Taybi syndrome
pdidb_001237,RTS_v1_50,Rubinstein-Taybi syndrome
pdidb_001306,RTS_v2_29,Rubinstein-Taybi syndrome
pdidb_001213,RTS_v1_24,Rubinstein-Taybi syndrome
pdidb_001340,RTS_v2_62,Rubinstein-Taybi syndrome
pdidb_001286,RTS_v2_10,Rubinstein-Taybi syndrome
pdidb_001212,RTS_v1_23,Rubinstein-Taybi syndrome
pdidb_001362,RTS_v2_86,Rubinstein-Taybi syndrome
pdidb_001335,RTS_v2_57,Rubinstein-Taybi syndrome
pdidb_001248,RTS_v1_60,Rubinstein-Taybi syndrome
pdidb_001266,RTS_v1_79,Rubinstein-Taybi syndrome
pdidb_001343,RTS_v2_65,Rubinstein-Taybi syndrome
pdidb_001226,RTS_v1_38,Rubinstein-Taybi syndrome
pdidb_001244,RTS_v1_57,Rubinstein-Taybi syndrome
pdidb_001327,RTS_v2_5,Rubinstein-Taybi syndrome
pdidb_001323,RTS_v2_46,Rubinstein-Taybi syndrome
pdidb_001218,RTS_v1_29,Rubinstein-Taybi syndrome
pdidb_001256,RTS_v1_7,Rubinstein-Taybi syndrome
pdidb_001260,RTS_v1_73,Rubinstein-Taybi syndrome
pdidb_001277,RTS_v1_9,Rubinstein-Taybi syndrome
pdidb_001205,RTS_v1_16,Rubinstein-Taybi syndrome
pdidb_001216,RTS_v1_27,Rubinstein-Taybi syndrome
pdidb_001291,RTS_v2_15,Rubinstein-Taybi syndrome
pdidb_001356,RTS_v2_8,Rubinstein-Taybi syndrome
pdidb_001234,RTS_v1_48,Rubinstein-Taybi syndrome
pdidb_001252,RTS_v1_65,Rubinstein-Taybi syndrome
pdidb_001337,RTS_v2_59,Rubinstein-Taybi syndrome
pdidb_001371,RTS_v2_95,Rubinstein-Taybi syndrome
pdidb_001268,RTS_v1_81,Rubinstein-Taybi syndrome
pdidb_001347,RTS_v2_69,Rubinstein-Taybi syndrome
pdidb_001257,RTS_v1_70,Rubinstein-Taybi syndrome
pdidb_001211,RTS_v1_22,Rubinstein-Taybi syndrome
pdidb_001366,RTS_v2_90,Rubinstein-Taybi syndrome
pdidb_001259,RTS_v1_72,Rubinstein-Taybi syndrome
pdidb_001285,RTS_v2_1,Rubinstein-Taybi syndrome
pdidb_001250,RTS_v1_62,Rubinstein-Taybi syndrome
pdidb_001232,RTS_v1_46,Rubinstein-Taybi syndrome
pdidb_001361,RTS_v2_85,Rubinstein-Taybi syndrome
pdidb_001313,RTS_v2_35,Rubinstein-Taybi syndrome
pdidb_001317,RTS_v2_39,Rubinstein-Taybi syndrome
pdidb_001281,RTS_v1_94,Rubinstein-Taybi syndrome
pdidb_001270,RTS_v1_83,Rubinstein-Taybi syndrome
pdidb_001338,RTS_v2_60,Rubinstein-Taybi syndrome
pdidb_001246,RTS_v1_59,Rubinstein-Taybi syndrome
pdidb_001311,RTS_v2_33,Rubinstein-Taybi syndrome
pdidb_001352,RTS_v2_74,Rubinstein-Taybi syndrome
pdidb_001302,RTS_v2_25,Rubinstein-Taybi syndrome
pdidb_001297,RTS_v2_20,Rubinstein-Taybi syndrome
pdidb_001230,RTS_v1_44,Rubinstein-Taybi syndrome
pdidb_001210,RTS_v1_21,Rubinstein-Taybi syndrome
pdidb_001358,RTS_v2_82,Rubinstein-Taybi syndrome
pdidb_001538,SMS_v2_97,Smith-Magenis syndrome
pdidb_001502,SMS_v2_56,Smith-Magenis syndrome
pdidb_001456,SMS_v2_11,Smith-Magenis syndrome
pdidb_001401,SMS_v1_42,Smith-Magenis syndrome
pdidb_001483,SMS_v2_37,Smith-Magenis syndrome
pdidb_001428,SMS_v1_70,Smith-Magenis syndrome
pdidb_001526,SMS_v2_83,Smith-Magenis syndrome
pdidb_001440,SMS_v1_84,Smith-Magenis syndrome
pdidb_001390,SMS_v1_28,Smith-Magenis syndrome
pdidb_001403,SMS_v1_45,Smith-Magenis syndrome
pdidb_001432,SMS_v1_74,Smith-Magenis syndrome
pdidb_001461,SMS_v2_16,Smith-Magenis syndrome
pdidb_001486,SMS_v2_4,Smith-Magenis syndrome
pdidb_001454,SMS_v2_1,Smith-Magenis syndrome
pdidb_001515,SMS_v2_70,Smith-Magenis syndrome
pdidb_001523,SMS_v2_8,Smith-Magenis syndrome
pdidb_001518,SMS_v2_73,Smith-Magenis syndrome
pdidb_001475,SMS_v2_29,Smith-Magenis syndrome
pdidb_001534,SMS_v2_92,Smith-Magenis syndrome
pdidb_001396,SMS_v1_37,Smith-Magenis syndrome
pdidb_001379,SMS_v1_12,Smith-Magenis syndrome
pdidb_001411,SMS_v1_53,Smith-Magenis syndrome
pdidb_001445,SMS_v1_89,Smith-Magenis syndrome
pdidb_001378,SMS_v1_11,Smith-Magenis syndrome
pdidb_001449,SMS_v1_93,Smith-Magenis syndrome
pdidb_001507,SMS_v2_60,Smith-Magenis syndrome
pdidb_001491,SMS_v2_45,Smith-Magenis syndrome
pdidb_001487,SMS_v2_40,Smith-Magenis syndrome
pdidb_001492,SMS_v2_46,Smith-Magenis syndrome
pdidb_001442,SMS_v1_86,Smith-Magenis syndrome
pdidb_001469,SMS_v2_23,Smith-Magenis syndrome
pdidb_001448,SMS_v1_92,Smith-Magenis syndrome
pdidb_001377,SMS_v1_10,Smith-Magenis syndrome
pdidb_001524,SMS_v2_81,Smith-Magenis syndrome
pdidb_001535,SMS_v2_94,Smith-Magenis syndrome
pdidb_001522,SMS_v2_79,Smith-Magenis syndrome
pdidb_001414,SMS_v1_56,Smith-Magenis syndrome
pdidb_001514,SMS_v2_69,Smith-Magenis syndrome
pdidb_001500,SMS_v2_54,Smith-Magenis syndrome
pdidb_001407,SMS_v1_5,Smith-Magenis syndrome
pdidb_001536,SMS_v2_95,Smith-Magenis syndrome
pdidb_001485,SMS_v2_39,Smith-Magenis syndrome
pdidb_001527,SMS_v2_85,Smith-Magenis syndrome
pdidb_001460,SMS_v2_15,Smith-Magenis syndrome
pdidb_001484,SMS_v2_38,Smith-Magenis syndrome
pdidb_001459,SMS_v2_14,Smith-Magenis syndrome
pdidb_001525,SMS_v2_82,Smith-Magenis syndrome
pdidb_001391,SMS_v1_29,Smith-Magenis syndrome
pdidb_001381,SMS_v1_14,Smith-Magenis syndrome
pdidb_001394,SMS_v1_32,Smith-Magenis syndrome
pdidb_001443,SMS_v1_87,Smith-Magenis syndrome
pdidb_001424,SMS_v1_66,Smith-Magenis syndrome
pdidb_001532,SMS_v2_90,Smith-Magenis syndrome
pdidb_001412,SMS_v1_54,Smith-Magenis syndrome
pdidb_001385,SMS_v1_18,Smith-Magenis syndrome
pdidb_001499,SMS_v2_53,Smith-Magenis syndrome
pdidb_001504,SMS_v2_58,Smith-Magenis syndrome
pdidb_001421,SMS_v1_62,Smith-Magenis syndrome
pdidb_001463,SMS_v2_18,Smith-Magenis syndrome
pdidb_001406,SMS_v1_48,Smith-Magenis syndrome
pdidb_001376,SMS_v1_1,Smith-Magenis syndrome
pdidb_001489,SMS_v2_42,Smith-Magenis syndrome
pdidb_001380,SMS_v1_13,Smith-Magenis syndrome
pdidb_001399,SMS_v1_4,Smith-Magenis syndrome
pdidb_001425,SMS_v1_67,Smith-Magenis syndrome
pdidb_001482,SMS_v2_36,Smith-Magenis syndrome
pdidb_001375,SMS_v1_0,Smith-Magenis syndrome
pdidb_001382,SMS_v1_15,Smith-Magenis syndrome
pdidb_001473,SMS_v2_27,Smith-Magenis syndrome
pdidb_001384,SMS_v1_17,Smith-Magenis syndrome
pdidb_001493,SMS_v2_47,Smith-Magenis syndrome
pdidb_001520,SMS_v2_77,Smith-Magenis syndrome
pdidb_001398,SMS_v1_39,Smith-Magenis syndrome
pdidb_001435,SMS_v1_78,Smith-Magenis syndrome
pdidb_001468,SMS_v2_22,Smith-Magenis syndrome
pdidb_001404,SMS_v1_46,Smith-Magenis syndrome
pdidb_001530,SMS_v2_88,Smith-Magenis syndrome
pdidb_001476,SMS_v2_3,Smith-Magenis syndrome
pdidb_001405,SMS_v1_47,Smith-Magenis syndrome
pdidb_001509,SMS_v2_62,Smith-Magenis syndrome
pdidb_001434,SMS_v1_77,Smith-Magenis syndrome
pdidb_001519,SMS_v2_76,Smith-Magenis syndrome
pdidb_001474,SMS_v2_28,Smith-Magenis syndrome
pdidb_001455,SMS_v2_10,Smith-Magenis syndrome
pdidb_001410,SMS_v1_52,Smith-Magenis syndrome
pdidb_001446,SMS_v1_90,Smith-Magenis syndrome
pdidb_001430,SMS_v1_72,Smith-Magenis syndrome
pdidb_001427,SMS_v1_69,Smith-Magenis syndrome
pdidb_001423,SMS_v1_65,Smith-Magenis syndrome
pdidb_001422,SMS_v1_63,Smith-Magenis syndrome
pdidb_001478,SMS_v2_32,Smith-Magenis syndrome
pdidb_001540,SMS_v2_99,Smith-Magenis syndrome
pdidb_001409,SMS_v1_51,Smith-Magenis syndrome
pdidb_001529,SMS_v2_87,Smith-Magenis syndrome
pdidb_001513,SMS_v2_67,Smith-Magenis syndrome
pdidb_001495,SMS_v2_49,Smith-Magenis syndrome
pdidb_001413,SMS_v1_55,Smith-Magenis syndrome
pdidb_001467,SMS_v2_21,Smith-Magenis syndrome
pdidb_001471,SMS_v2_25,Smith-Magenis syndrome
pdidb_001517,SMS_v2_72,Smith-Magenis syndrome
pdidb_001441,SMS_v1_85,Smith-Magenis syndrome
pdidb_001392,SMS_v1_3,Smith-Magenis syndrome
pdidb_001488,SMS_v2_41,Smith-Magenis syndrome
pdidb_001496,SMS_v2_50,Smith-Magenis syndrome
pdidb_001503,SMS_v2_57,Smith-Magenis syndrome
pdidb_001451,SMS_v1_96,Smith-Magenis syndrome
pdidb_001508,SMS_v2_61,Smith-Magenis syndrome
pdidb_001400,SMS_v1_41,Smith-Magenis syndrome
pdidb_001402,SMS_v1_44,Smith-Magenis syndrome
pdidb_001444,SMS_v1_88,Smith-Magenis syndrome
pdidb_001438,SMS_v1_80,Smith-Magenis syndrome
pdidb_001511,SMS_v2_64,Smith-Magenis syndrome
pdidb_001417,SMS_v1_59,Smith-Magenis syndrome
pdidb_001388,SMS_v1_23,Smith-Magenis syndrome
pdidb_001479,SMS_v2_33,Smith-Magenis syndrome
pdidb_001497,SMS_v2_51,Smith-Magenis syndrome
pdidb_001452,SMS_v1_99,Smith-Magenis syndrome
pdidb_001533,SMS_v2_91,Smith-Magenis syndrome
pdidb_001531,SMS_v2_89,Smith-Magenis syndrome
pdidb_001494,SMS_v2_48,Smith-Magenis syndrome
pdidb_001419,SMS_v1_60,Smith-Magenis syndrome
pdidb_001437,SMS_v1_8,Smith-Magenis syndrome
pdidb_001537,SMS_v2_96,Smith-Magenis syndrome
pdidb_001450,SMS_v1_94,Smith-Magenis syndrome
pdidb_001393,SMS_v1_31,Smith-Magenis syndrome
pdidb_001640,WBS_v2_18,Williams-Beuren syndrome
pdidb_001580,WBS_v1_47,Williams-Beuren syndrome
pdidb_001656,WBS_v2_32,Williams-Beuren syndrome
pdidb_001683,WBS_v2_57,Williams-Beuren syndrome
pdidb_001714,WBS_v2_88,Williams-Beuren syndrome
pdidb_001695,WBS_v2_68,Williams-Beuren syndrome
pdidb_001578,WBS_v1_45,Williams-Beuren syndrome
pdidb_001655,WBS_v2_31,Williams-Beuren syndrome
pdidb_001694,WBS_v2_67,Williams-Beuren syndrome
pdidb_001633,WBS_v2_10,Williams-Beuren syndrome
pdidb_001674,WBS_v2_49,Williams-Beuren syndrome
pdidb_001703,WBS_v2_76,Williams-Beuren syndrome
pdidb_001669,WBS_v2_44,Williams-Beuren syndrome
pdidb_001692,WBS_v2_65,Williams-Beuren syndrome
pdidb_001634,WBS_v2_11,Williams-Beuren syndrome
pdidb_001556,WBS_v1_23,Williams-Beuren syndrome
pdidb_001671,WBS_v2_46,Williams-Beuren syndrome
pdidb_001603,WBS_v1_70,Williams-Beuren syndrome
pdidb_001547,WBS_v1_14,Williams-Beuren syndrome
pdidb_001585,WBS_v1_52,Williams-Beuren syndrome
pdidb_001584,WBS_v1_51,Williams-Beuren syndrome
pdidb_001572,WBS_v1_39,Williams-Beuren syndrome
pdidb_001546,WBS_v1_13,Williams-Beuren syndrome
pdidb_001568,WBS_v1_35,Williams-Beuren syndrome
pdidb_001629,WBS_v1_98,Williams-Beuren syndrome
pdidb_001612,WBS_v1_79,Williams-Beuren syndrome
pdidb_001650,WBS_v2_27,Williams-Beuren syndrome
pdidb_001607,WBS_v1_74,Williams-Beuren syndrome
pdidb_001582,WBS_v1_5,Williams-Beuren syndrome
pdidb_001717,WBS_v2_90,Williams-Beuren syndrome
pdidb_001636,WBS_v2_13,Williams-Beuren syndrome
pdidb_001696,WBS_v2_69,Williams-Beuren syndrome
pdidb_001726,WBS_v2_99,Williams-Beuren syndrome
pdidb_001641,WBS_v2_19,Williams-Beuren syndrome
pdidb_001608,WBS_v1_75,Williams-Beuren syndrome
pdidb_001668,WBS_v2_43,Williams-Beuren syndrome
pdidb_001618,WBS_v1_85,Williams-Beuren syndrome
pdidb_001622,WBS_v1_89,Williams-Beuren syndrome
pdidb_001593,WBS_v1_61,Williams-Beuren syndrome
pdidb_001542,WBS_v1_1,Williams-Beuren syndrome
pdidb_001596,WBS_v1_64,Williams-Beuren syndrome
pdidb_001555,WBS_v1_22,Williams-Beuren syndrome
pdidb_001597,WBS_v1_65,Williams-Beuren syndrome
pdidb_001639,WBS_v2_17,Williams-Beuren syndrome
pdidb_001553,WBS_v1_2,Williams-Beuren syndrome
pdidb_001657,WBS_v2_33,Williams-Beuren syndrome
pdidb_001719,WBS_v2_92,Williams-Beuren syndrome
pdidb_001560,WBS_v1_27,Williams-Beuren syndrome
pdidb_001722,WBS_v2_95,Williams-Beuren syndrome
pdidb_001628,WBS_v1_97,Williams-Beuren syndrome
pdidb_001680,WBS_v2_54,Williams-Beuren syndrome
pdidb_001673,WBS_v2_48,Williams-Beuren syndrome
pdidb_001552,WBS_v1_19,Williams-Beuren syndrome
pdidb_001709,WBS_v2_81,Williams-Beuren syndrome
pdidb_001600,WBS_v1_68,Williams-Beuren syndrome
pdidb_001621,WBS_v1_88,Williams-Beuren syndrome
pdidb_001602,WBS_v1_7,Williams-Beuren syndrome
pdidb_001643,WBS_v2_20,Williams-Beuren syndrome
pdidb_001627,WBS_v1_96,Williams-Beuren syndrome
pdidb_001664,WBS_v2_4,Williams-Beuren syndrome
pdidb_001590,WBS_v1_58,Williams-Beuren syndrome
pdidb_001624,WBS_v1_92,Williams-Beuren syndrome
pdidb_001558,WBS_v1_25,Williams-Beuren syndrome
pdidb_001631,WBS_v2_0,Williams-Beuren syndrome
pdidb_001697,WBS_v2_7,Williams-Beuren syndrome
pdidb_001708,WBS_v2_80,Williams-Beuren syndrome
pdidb_001677,WBS_v2_51,Williams-Beuren syndrome
pdidb_001648,WBS_v2_25,Williams-Beuren syndrome
pdidb_001541,WBS_v1_0,Williams-Beuren syndrome
pdidb_001601,WBS_v1_69,Williams-Beuren syndrome
pdidb_001620,WBS_v1_87,Williams-Beuren syndrome
pdidb_001702,WBS_v2_75,Williams-Beuren syndrome
pdidb_001577,WBS_v1_44,Williams-Beuren syndrome
pdidb_001545,WBS_v1_12,Williams-Beuren syndrome
pdidb_001604,WBS_v1_71,Williams-Beuren syndrome
pdidb_001567,WBS_v1_34,Williams-Beuren syndrome
pdidb_001686,WBS_v2_6,Williams-Beuren syndrome
pdidb_001562,WBS_v1_29,Williams-Beuren syndrome
pdidb_001681,WBS_v2_55,Williams-Beuren syndrome
pdidb_001543,WBS_v1_10,Williams-Beuren syndrome
pdidb_001723,WBS_v2_96,Williams-Beuren syndrome
pdidb_001549,WBS_v1_16,Williams-Beuren syndrome
pdidb_001676,WBS_v2_50,Williams-Beuren syndrome
pdidb_001564,WBS_v1_31,Williams-Beuren syndrome
pdidb_001649,WBS_v2_26,Williams-Beuren syndrome
pdidb_001623,WBS_v1_91,Williams-Beuren syndrome
pdidb_001672,WBS_v2_47,Williams-Beuren syndrome
pdidb_001658,WBS_v2_34,Williams-Beuren syndrome
pdidb_001644,WBS_v2_21,Williams-Beuren syndrome
pdidb_001706,WBS_v2_79,Williams-Beuren syndrome
pdidb_001645,WBS_v2_22,Williams-Beuren syndrome
pdidb_001583,WBS_v1_50,Williams-Beuren syndrome
pdidb_001609,WBS_v1_76,Williams-Beuren syndrome
pdidb_001682,WBS_v2_56,Williams-Beuren syndrome
pdidb_001566,WBS_v1_33,Williams-Beuren syndrome
pdidb_001638,WBS_v2_15,Williams-Beuren syndrome
pdidb_001625,WBS_v1_94,Williams-Beuren syndrome
pdidb_001718,WBS_v2_91,Williams-Beuren syndrome
pdidb_001646,WBS_v2_23,Williams-Beuren syndrome
pdidb_001688,WBS_v2_61,Williams-Beuren syndrome
pdidb_001559,WBS_v1_26,Williams-Beuren syndrome
pdidb_001579,WBS_v1_46,Williams-Beuren syndrome
pdidb_001659,WBS_v2_35,Williams-Beuren syndrome
pdidb_001684,WBS_v2_58,Williams-Beuren syndrome
pdidb_001690,WBS_v2_63,Williams-Beuren syndrome
pdidb_001605,WBS_v1_72,Williams-Beuren syndrome
pdidb_001599,WBS_v1_67,Williams-Beuren syndrome
pdidb_001616,WBS_v1_83,Williams-Beuren syndrome
pdidb_001647,WBS_v2_24,Williams-Beuren syndrome
pdidb_001586,WBS_v1_53,Williams-Beuren syndrome
pdidb_001661,WBS_v2_37,Williams-Beuren syndrome
pdidb_001691,WBS_v2_64,Williams-Beuren syndrome
pdidb_001713,WBS_v2_87,Williams-Beuren syndrome
pdidb_001550,WBS_v1_17,Williams-Beuren syndrome
pdidb_001632,WBS_v2_1,Williams-Beuren syndrome
pdidb_001689,WBS_v2_62,Williams-Beuren syndrome
pdidb_001710,WBS_v2_83,Williams-Beuren syndrome
pdidb_001570,WBS_v1_37,Williams-Beuren syndrome
pdidb_001575,WBS_v1_42,Williams-Beuren syndrome
pdidb_001611,WBS_v1_78,Williams-Beuren syndrome
pdidb_001606,WBS_v1_73,Williams-Beuren syndrome
pdidb_001551,WBS_v1_18,Williams-Beuren syndrome
pdidb_001619,WBS_v1_86,Williams-Beuren syndrome
pdidb_001725,WBS_v2_98,Williams-Beuren syndrome
pdidb_001678,WBS_v2_52,Williams-Beuren syndrome
pdidb_001598,WBS_v1_66,Williams-Beuren syndrome
pdidb_001610,WBS_v1_77,Williams-Beuren syndrome
pdidb_001626,WBS_v1_95,Williams-Beuren syndrome
pdidb_001724,WBS_v2_97,Williams-Beuren syndrome
pdidb_001571,WBS_v1_38,Williams-Beuren syndrome
pdidb_001642,WBS_v2_2,Williams-Beuren syndrome
pdidb_001574,WBS_v1_41,Williams-Beuren syndrome
pdidb_001653,WBS_v2_3,Williams-Beuren syndrome
pdidb_001660,WBS_v2_36,Williams-Beuren syndrome
pdidb_001667,WBS_v2_42,Williams-Beuren syndrome
pdidb_001587,WBS_v1_54,Williams-Beuren syndrome
pdidb_001715,WBS_v2_89,Williams-Beuren syndrome
pdidb_001679,WBS_v2_53,Williams-Beuren syndrome
pdidb_001698,WBS_v2_71,Williams-Beuren syndrome
pdidb_001565,WBS_v1_32,Williams-Beuren syndrome
