model,condition,top1,mean_top1,top3,top5
GestaltMatcher-Arc,Baseline,0.8817204301,0.8626157778,0.9713261649,0.9802867384
GestaltMatcher-Arc,PD25,0.8924731183,0.8878545611,0.9713261649,0.9856630824
GestaltMatcher-Arc,PD50,0.9086021505,0.8946146960,0.9802867384,0.9874551971
GestaltMatcher-Arc,PD75,0.8996415771,0.8865455569,0.9713261649,0.9910394265
GestaltMatcher-Arc,PD100,0.8924731183,0.8861552940,0.9731182796,0.9838709677
GestaltMML,Baseline,0.6720430108,0.6230586992,0.8530465950,0.9265232975
GestaltMML,PD25,0.6810035842,0.6380751471,0.8673835125,0.9354838710
GestaltMML,PD50,0.7096774194,0.6714754314,0.8655913978,0.9301075269
GestaltMML,PD75,0.7491039427,0.6934420388,0.9068100358,0.9605734767
GestaltMML,PD100,0.7526881720,0.7015036426,0.8996415771,0.9623655914
